sector,vader_score,finbert_score
Energy,0.07126935483870968,-0.3036533219199027
Healthcare,0.13360537634408604,-0.34309034129624727
Technology,0.09043170731707316,-0.45239413155288233
Consumer Discretionary,0.0851944055944056,-0.49400147580322407
Financials,0.037812844036697255,-0.5001811188295346
Consumer Staples,0.08643796296296297,-0.5431824721120022
Communication Services,0.07365803757828811,-0.5645809589821014
